Name,Rank,Price
1,Minecraft: Pocket Edition,$6.99
2,Plague Inc.,$0.99
3,Heads Up!,$0.99
4,Bloons TD 5,$2.99
5,Flick Home Run !,$0.99
6,Geometry Dash,$1.99
7,The Escapists,$3.99
8,MONOPOLY Game,$0.99
9,NBA 2K17,$7.99
10,Grand Theft Auto: San Andreas,$6.99
11,Dictator: Revolt,$0.99
12,True Skate,$1.99
13,Goat Simulator,$1.99
14,Plants vs. Zombies,$0.99
15,The Game of Life,$2.99
16,SpongeBob Moves In,$2.99
17,Terraria,$4.99
18,Papa's Freezeria To Go!,$0.99
19,Tiny Wings,$0.99
20,OK Golf,$2.99
21,Tamagotchi Classic - The Original...,$0.99
22,R.B.I. Baseball 17,$4.99
23,Five Nights at Freddy's:...,$2.99
24,NBA JAM by EA SPORTS™,$4.99
25,Scribblenauts Unlimited,$4.99
26,Five Nights at Freddy's,$2.99
27,Slayaway Camp,$2.99
28,Scribblenauts Remix,$0.99
29,polycolor,$0.99
30,50 States (Ad Free) - Top...,$0.99
31,Hitman Sniper,$0.99
32,Five Nights at Freddy's 2,$2.99
33,Earn to Die 2,$1.99
34,The Sims 3,$6.99
35,Bike Race Pro - Top Motorcycle...,$0.99
36,Grand Theft Auto: Vice City,$4.99
37,A Dark Room,$0.99
38,Papa's Cupcakeria To Go!,$1.99
39,Papa's Taco Mia To Go!,$1.99
40,Call of Duty: Zombies,$4.99
41,Ultimate Forest Simulator,$0.99
42,Monument Valley,$3.99
43,Papa's Burgeria To Go!,$0.99
44,Death Road to Canada,$7.99
45,"sugar, sugar",$0.99
46,Construction Simulator 2,$4.99
47,Reigns,$2.99
48,Doodle Jump,$0.99
49,Papa's Pizzeria To Go!,$0.99
50,Zombieville USA 2,$0.99
51,Where's My Water?,$1.99
52,Five Nights at Freddys 4,$2.99
53,Truck Simulator PRO 2,$4.99
54,Call of Duty: Black Ops Zombies,$6.99
55,"Skater - Skate Legendary Spots,...",$4.99
56,Bully: Anniversary Edition,$6.99
57,Backflip Madness,$0.99
58,Sonic The Hedgehog,$2.99
59,Chameleon Run,$1.99
60,Infinite Flight - Flight Simulator,$4.99
61,Don't Starve: Pocket Edition,$4.99
62,OXENFREE,$4.99
63,Civilization Revolution 2,$9.99
64,Grand Theft Auto III,$4.99
65,Surgeon Simulator,$1.99
66,IMPOSSIBLE ROAD,$1.99
67,CUBE SNAP,$0.99
68,Assassin's Creed Identity,$4.99
69,Survivalcraft 2,$3.99
70,RollerCoaster Tycoon® Classic,$5.99
71,Jazza's Arty Games,$2.99
72,Sunday Lawn,$0.99
73,Exploding Kittens® - The Official...,$1.99
74,Duck Life,$0.99
75,JEOPARDY! - America's Favorite...,$1.99
76,Five Nights at Freddy's 3,$2.99
77,Trivia Crack (Ad Free),$2.99
78,LIMBO,$4.99
79,Aerofly FS 2 Flight Simulator,$2.99
80,TETRIS®,$1.99
81,Clue: The Classic Mystery Game,$3.99
82,Alto's Adventure,$4.99
83,The Price is Right™ Decades,$0.99
84,WWE 2K,$7.99
85,Goat Simulator GoatZ,$4.99
86,Catan,$4.99
87,SCRABBLE,$7.99
88,Smart Baby Shapes: Learning games...,$2.99
89,Farming Simulator 16,$4.99
90,Youtubers Life - Gaming Channel,$8.99
91,Phase 10 Pro - Play Your Friends!,$0.99
92,Soccer Physics,$0.99
93,Onirim - Solitaire Card Game,$0.99
94,I am Bread,$1.99
95,Earn to Die,$0.99
96,Deemo,$1.99
97,Kingdom Rush Frontiers,$1.99
98,METAL SLUG 3,$2.99
99,Ticket to Ride,$1.99
100,The Sims 3 Ambitions,$4.99
101,Don't Starve: Shipwrecked,$4.99
102,The 7 Second Challenge,$1.99
103,Need for Speed™ Most Wanted,$4.99
104,Goat Simulator Waste of Space,$4.99
105,Peggle Classic,$0.99
106,The Room Two,$1.99
107,Mini Watch Games 14-in-1,$0.99
108,The Walking Dead: A New Frontier,$4.99
109,Cartoon Wars 2: Heroes,$0.99
110,Star Wars®: Knights of the Old...,$9.99
111,Kingdom: New Lands,$6.99
112,Dude Perfect,$0.99
113,Organ Trail: Director's Cut,$2.99
114,World Conqueror 3,$0.99
115,The Amazing Spider-Man 2,$6.99
116,BADLAND 2,$3.99
117,Touchgrind BMX,$4.99
118,Tank Hero,$0.99
119,Prune,$3.99
120,Ben 10: Up to Speed – Omnitrix...,$2.99
121,Card Thief,$1.99
122,Fruit Ninja Classic,$1.99
123,Pixel Disc Golf,$1.99
124,Planescape: Torment,$9.99
125,PAC-MAN,$3.99
126,Grand Theft Auto: Chinatown Wars,$4.99
127,Kingdom Rush Origins,$2.99
128,Dirt Trackin,$2.99
129,Octodad: Dadliest Catch,$4.99
130,Teeny Titans - Teen Titans Go!...,$3.99
131,Zombieville USA,$0.99
132,Goat Simulator MMO Simulator,$4.99
133,Elmo Calls,$1.99
134,Lifeline...,$1.99
135,Pumped BMX 3,$3.99
136,Incredibox,$3.99
137,HARRY’S MOD: NEW STEALTH NEIGHBOR!,$2.99
138,Multiplayer Terraria edition,$3.99
139,Rusty Lake Hotel,$1.99
140,LEGO® Jurassic World™,$4.99
141,Patrick Kane's MVP Hockey,$3.99
142,Cartoon Wars,$0.99
143,Draw a Stickman: EPIC 2,$1.99
144,Touchgrind Skate 2,$4.99
145,Infinity Blade III,$6.99
146,Sporcle,$2.99
147,Ricky Carmichael's Motocross...,$0.99
148,Skip-Bo™ Pro - The Classic Family...,$0.99
149,Bowmasters (Ad Free) - Top...,$3.99
150,The Impossible Game,$0.99
151,KAMI,$2.99
152,FINAL FANTASY VII,$15.99
153,LEGO Batman: DC Super Heroes,$4.99
154,Take Off - The Flight Simulator,$1.99
155,Leo's Fortune,$2.99
156,Implosion - Never Lose Hope,$9.99
157,THE NEIGHBOR HORROR,$2.99
158,Goblin Sword,$1.99
159,Bloons Supermonkey 2,$2.99
160,Call of Duty®: Strike Team,$6.99
161,Rusty Lake: Roots,$2.99
162,STREET FIGHTER II COLLECTION,$3.99
163,The Room Three,$4.99
164,60 Seconds! Atomic Adventure,$3.99
165,Ski Safari,$0.99
166,Monkey Preschool Lunchbox,$1.99
167,DEVICE 6,$3.99
168,Bombsquad - Defuse the Bomb,$3.99
169,Infinity Blade,$5.99
170,Out There: Ω Edition,$0.99
171,Pavilion: Touch Edition,$3.99
172,Duet Game,$2.99
173,Hotel Dash Deluxe,$0.99
174,The Binding of Isaac: Rebirth,$14.99
175,NEW Gang Battle Arena!,$2.99
176,Card Wars - Adventure Time Card...,$3.99
177,Gorillaz - Escape to Plastic Beach,$0.99
178,Crypt of the NecroDancer Pocket...,$4.99
179,Sonic the Hedgehog 2,$2.99
180,Farming USA 2,$2.99
181,Gunhouse,$2.99
182,BADLAND,$2.99
183,Athletics 2: Summer Sports,$1.99
184,My Koi,$1.99
185,Sudoku⁺,$2.99
186,Matt Duchene's Hockey Classic,$3.99
187,Oceanhorn ™,$8.99
188,Mini Metro,$4.99
189,Radiation Island,$2.99
190,Crash Bandicoot Nitro Kart 3D,$2.99
191,Ultimate Wolf Simulator,$0.99
192,Fieldrunners,$0.99
193,Stray Dog Simulator,$0.99
194,LEGO® Ninjago™: Shadow of Ronin™,$4.99
195,Heads Up! Kids,$0.99
196,Pandemic: The Board Game,$1.99
197,Fish Out Of Water!,$0.99
198,The Ensign,$0.99
199,Tricky Test 2™ Pro: Genius Brain?,$1.99
200,Wedding Dash Deluxe,$0.99
